{"auc_roc": {"best_lambda": 0.32658861293973335, "best_beta": [0.532258064516129, 0.0, 0.0, 0.06235133443982882, 0.0, 0.0, 0.19177008987994254, 0.1548091372625635, -0.0, 0.0856163570683956, 0.0, -0.0, -0.10013270247861134, -0.0, 0.0, 0.0, 0.3200124979104025, 0.055547166719417285, 0.0, 0.0, 0.0012867927588117167, 0.0, 0.0, 0.0, 0.0, -0.0, 0.0, 0.0, 0.0, 0.0, 0.0, 0.0, -0.0, 0.0, 0.0, -0.0, 0.0, -0.0, 0.0, -0.0408748144097682, -0.0, 0.0, -0.0, 0.0, -0.0, -0.0, 0.0, 0.0, -0.0, 0.0, -0.0, 0.0, -0.0, 0.19583474607408874, -0.0, -0.0, -0.0, 0.0, -0.0, 0.0, -0.0, -0.0, -0.0, -0.0, -0.0, -0.0, -0.0, -0.0, -0.0, 0.0, -0.0, -0.0, -0.0, 0.0, -0.0, 0.0, -0.0, 0.0, -0.0, 0.0, 0.0, -0.0, -0.0, 0.0, -0.0, -0.0, 0.0, -0.0, -0.0, -0.0, -0.0, 0.0, -0.0, -0.0, -0.0, 0.0, -0.0, 0.0, -0.0, -0.0, 0.0, -0.0, -0.0, -0.0, 0.0], "score_ccd": 0.8352941176470589, "score_log_reg": 0.6564705882352941}, "auc_pr": {"best_lambda": 0.13066238287076443, "best_beta": [0.49193548387096775, 0.0, -0.0, 0.21380807860744805, 0.03948130355088872, -0.0, 0.1101949891569809, 0.5105714829621155, -0.41142662488913434, 0.19997543605503482, 0.45214937653669734, -0.0, -0.0, -0.3572750188828798, 0.0, 0.0, 0.2761802766340937, 1.1358338877464582, -0.0, 0.23202930839203356, 0.0, -0.0, 0.0, -0.14584119832253561, -0.0, -0.301422436010626, 0.0, 0.0, 0.0, 0.0, -0.0, 0.30414964404312367, 0.0, 0.0, 0.0, -0.0, 0.0, -0.0, 0.0, -0.3394162106442017, 0.0, 0.04378232368544868, 0.05764544543772421, 0.007115509500086409, 0.0, 0.0, -0.0, 0.0, -0.09819321045814525, 0.0, -0.0, 0.0, 0.07145578174439504, 0.04678023720097313, -0.0, 0.0, -0.0, -0.3447398912264075, -0.042553103844860996, -0.0, 0.0, -0.0, -0.0, -0.0, -0.0, -0.0, -0.0, -0.0, 0.0, 0.01664423626915909, -0.0062426846421579085, -0.0, 0.0, -0.0, 0.0, -0.0, 0.26245734329851533, 0.10938852581006775, -0.0, -0.0, -0.0, 0.0, -0.0, 0.03093590099583879, -0.0, -0.0, 0.03674244174778382, 0.0, 0.0, -0.0, 0.0, 0.0, -0.025676235284189053, -0.2003128551635186, 0.06941989355587425, 0.1479296900586866, -0.0, 0.2974546734879445, 0.0, -0.4159822452061917, -0.0, -0.0, -0.20984096928607415, 0.0, -0.0], "score_ccd": 0.6537280866394621, "score_log_reg": 0.6974197078521436}, "f1": {"best_lambda": 0.04148347280138289, "best_beta": [0.5483870967741935, 0.9423854538078947, -0.0, 0.0, 0.25393830023273645, -0.0385295443923794, 0.0, 1.3627800023469956, -0.5337812308536165, 0.36258165347590804, 0.884582147879981, -0.056701339336040345, -0.5444388681058522, -0.0, 0.0, -0.0, 0.5434857766546757, 0.22826816021887367, 0.0, 1.1219045091054416, 0.6150431808147243, 0.10190820465035036, 0.265740169657745, 0.0, 0.1665825776867846, -0.47132636246879145, 0.31897696551851246, 0.0, -0.0, -0.06236938398961763, 0.14923428087327176, 0.1182501308652063, -0.0, 0.43875083091033096, -0.0, -0.08458337525223578, 0.08965945214049828, -0.0, -0.0, -0.42261469161580023, -0.0, -0.0, -0.0, 0.0, -0.07809742267571332, -0.0, 0.18289355835856352, 0.7593426247026602, -0.3222046010269723, -0.0, -0.07269228296645408, -0.0, 0.641105216104042, 0.0, -0.0, 0.02948540440832221, 0.0, 0.22713680479192092, -0.09989797104086104, -0.0, -0.07993348921538634, 0.014895104109897181, 0.21277027693068304, -0.0, -0.0, -0.0, -0.14856792705082517, 0.4815762608786096, -0.2447274930892346, -0.0, -0.0, 0.0, -0.0, 0.0, -0.054436029260656514, -0.0, 0.22010249605033502, 0.03188186905254665, 0.0, -0.11842646849908284, 0.0, 0.0, -0.0, 0.0, -0.0, 0.0, 0.0, 0.18639480937823172, 0.08279969509544446, 0.0, -0.04369923220545709, 0.5599014574602692, -0.0, -0.682227144165523, 0.0, 0.2769451668333409, -0.09389656557235307, 0.0, 0.0, -0.0, -0.07638207764587798, 0.0, 0.0, -0.0, 0.0], "score_ccd": 0.6666666666666666, "score_log_reg": 0.6382978723404256}, "balanced_accuracy": {"best_lambda": 0.2433090920845408, "best_beta": [0.5241935483870968, 0.0, 0.0, 0.0, 0.0, 0.0, 0.20548883708796115, 0.3984452937307058, -0.13688328665739644, 0.08654900468015383, 0.0, -0.0, -0.0, -0.20000388845571185, 0.0, 0.0, 0.21002658892432594, 0.27179327700743483, 0.0, 0.3956246974913411, 0.17523354549314948, 0.0, 0.0, 0.0, 0.0, -0.0, 0.0, 0.0, 0.0, -0.0, 0.0, 0.0, -0.0, 0.0, 0.0, -0.0, 0.0, -0.0, -0.0, -0.0436309260524598, -0.0, 0.0, -0.0, 0.0, -0.0, -0.0, 0.0, 0.0, -0.02924857225983732, 0.0, -0.018880963369453635, 0.0, 0.0, 0.0, 0.0, 0.0, -0.0, 0.0, -0.0, 0.0, -0.0, -0.0, -0.0, -0.0, 0.0, -0.0, -0.0, -0.0, -0.0, 0.0, -0.0, -0.0, -0.0, 0.0, 0.0, -0.0, 0.0, 0.0, -0.0, 0.0, 0.0, 0.0, -0.0, -0.0, -0.0, -0.0, 0.0, 0.0, -0.0, -0.0, -0.0, 0.0, 0.0, -0.11619911580560963, 0.0, 0.0, -0.0, 0.0, 0.0, 0.0, -0.0, -0.0, -0.0, -0.0, 0.0], "score_ccd": 0.6666666666666666, "score_log_reg": 0.6190476190476191}}